[{"model": "admin.logentry", "pk": 1, "fields": {"action_time": "2026-01-11T15:23:57.652Z", "user": 1, "content_type": 7, "object_id": "3", "object_repr": "Яйца куриные С0", "action_flag": 2, "change_message": "[{\"changed\": {\"fields\": [\"\\u0424\\u043e\\u0442\\u043e\"]}}]"}}, {"model": "auth.permission", "pk": 1, "fields": {"name": "Can add log entry", "content_type": 1, "codename": "add_logentry"}}, {"model": "auth.permission", "pk": 2, "fields": {"name": "Can change log entry", "content_type": 1, "codename": "change_logentry"}}, {"model": "auth.permission", "pk": 3, "fields": {"name": "Can delete log entry", "content_type": 1, "codename": "delete_logentry"}}, {"model": "auth.permission", "pk": 4, "fields": {"name": "Can view log entry", "content_type": 1, "codename": "view_logentry"}}, {"model": "auth.permission", "pk": 5, "fields": {"name": "Can add permission", "content_type": 2, "codename": "add_permission"}}, {"model": "auth.permission", "pk": 6, "fields": {"name": "Can change permission", "content_type": 2, "codename": "change_permission"}}, {"model": "auth.permission", "pk": 7, "fields": {"name": "Can delete permission", "content_type": 2, "codename": "delete_permission"}}, {"model": "auth.permission", "pk": 8, "fields": {"name": "Can view permission", "content_type": 2, "codename": "view_permission"}}, {"model": "auth.permission", "pk": 9, "fields": {"name": "Can add group", "content_type": 3, "codename": "add_group"}}, {"model": "auth.permission", "pk": 10, "fields": {"name": "Can change group", "content_type": 3, "codename": "change_group"}}, {"model": "auth.permission", "pk": 11, "fields": {"name": "Can delete group", "content_type": 3, "codename": "delete_group"}}, {"model": "auth.permission", "pk": 12, "fields": {"name": "Can view group", "content_type": 3, "codename": "view_group"}}, {"model": "auth.permission", "pk": 13, "fields": {"name": "Can add content type", "content_type": 4, "codename": "add_contenttype"}}, {"model": "auth.permission", "pk": 14, "fields": {"name": "Can change content type", "content_type": 4, "codename": "change_contenttype"}}, {"model": "auth.permission", "pk": 15, "fields": {"name": "Can delete content type", "content_type": 4, "codename": "delete_contenttype"}}, {"model": "auth.permission", "pk": 16, "fields": {"name": "Can view content type", "content_type": 4, "codename": "view_contenttype"}}, {"model": "auth.permission", "pk": 17, "fields": {"name": "Can add session", "content_type": 5, "codename": "add_session"}}, {"model": "auth.permission", "pk": 18, "fields": {"name": "Can change session", "content_type": 5, "codename": "change_session"}}, {"model": "auth.permission", "pk": 19, "fields": {"name": "Can delete session", "content_type": 5, "codename": "delete_session"}}, {"model": "auth.permission", "pk": 20, "fields": {"name": "Can view session", "content_type": 5, "codename": "view_session"}}, {"model": "auth.permission", "pk": 21, "fields": {"name": "Can add Пользователь", "content_type": 6, "codename": "add_user"}}, {"model": "auth.permission", "pk": 22, "fields": {"name": "Can change Пользователь", "content_type": 6, "codename": "change_user"}}, {"model": "auth.permission", "pk": 23, "fields": {"name": "Can delete Пользователь", "content_type": 6, "codename": "delete_user"}}, {"model": "auth.permission", "pk": 24, "fields": {"name": "Can view Пользователь", "content_type": 6, "codename": "view_user"}}, {"model": "auth.permission", "pk": 25, "fields": {"name": "Can add Товар", "content_type": 7, "codename": "add_product"}}, {"model": "auth.permission", "pk": 26, "fields": {"name": "Can change Товар", "content_type": 7, "codename": "change_product"}}, {"model": "auth.permission", "pk": 27, "fields": {"name": "Can delete Товар", "content_type": 7, "codename": "delete_product"}}, {"model": "auth.permission", "pk": 28, "fields": {"name": "Can view Товар", "content_type": 7, "codename": "view_product"}}, {"model": "auth.permission", "pk": 29, "fields": {"name": "Can add Заказ", "content_type": 8, "codename": "add_order"}}, {"model": "auth.permission", "pk": 30, "fields": {"name": "Can change Заказ", "content_type": 8, "codename": "change_order"}}, {"model": "auth.permission", "pk": 31, "fields": {"name": "Can delete Заказ", "content_type": 8, "codename": "delete_order"}}, {"model": "auth.permission", "pk": 32, "fields": {"name": "Can view Заказ", "content_type": 8, "codename": "view_order"}}, {"model": "auth.permission", "pk": 33, "fields": {"name": "Can add Элемент заказа", "content_type": 9, "codename": "add_orderitem"}}, {"model": "auth.permission", "pk": 34, "fields": {"name": "Can change Элемент заказа", "content_type": 9, "codename": "change_orderitem"}}, {"model": "auth.permission", "pk": 35, "fields": {"name": "Can delete Элемент заказа", "content_type": 9, "codename": "delete_orderitem"}}, {"model": "auth.permission", "pk": 36, "fields": {"name": "Can view Элемент заказа", "content_type": 9, "codename": "view_orderitem"}}, {"model": "auth.permission", "pk": 37, "fields": {"name": "Can add Настройка лояльности", "content_type": 10, "codename": "add_loyaltysettings"}}, {"model": "auth.permission", "pk": 38, "fields": {"name": "Can change Настройка лояльности", "content_type": 10, "codename": "change_loyaltysettings"}}, {"model": "auth.permission", "pk": 39, "fields": {"name": "Can delete Настройка лояльности", "content_type": 10, "codename": "delete_loyaltysettings"}}, {"model": "auth.permission", "pk": 40, "fields": {"name": "Can view Настройка лояльности", "content_type": 10, "codename": "view_loyaltysettings"}}, {"model": "sessions.session", "pk": "0su4jn52xhz7j75twzg30m1wpiocau9v", "fields": {"session_data": ".eJxVjEEOwiAQRe_C2pCWGQRcuvcMBIZBqgaS0q6Md7dNutDtf-_9t_BhXYpfO89-SuIiRnH63WKgJ9cdpEeo9yap1WWeotwVedAuby3x63q4fwcl9LLVyhjMMZEeODFqRB4dDFYxWYBEZ-TsMhEHAp0BkRAhO7UBiGRNEJ8v9K84bQ:1vevt6:95g9YtcC8RH7g_bphNB5oq1DTQSEW-I7ShRRf3hcAKM", "expire_date": "2026-01-25T13:53:48.884Z"}}, {"model": "sessions.session", "pk": "vauq5z7oxgx2lwmcwdwvpx2fzy88lv07", "fields": {"session_data": ".eJxVjEEOwiAQRe_C2pCWGQRcuvcMBIZBqgaS0q6Md7dNutDtf-_9t_BhXYpfO89-SuIiRnH63WKgJ9cdpEeo9yap1WWeotwVedAuby3x63q4fwcl9LLVyhjMMZEeODFqRB4dDFYxWYBEZ-TsMhEHAp0BkRAhO7UBiGRNEJ8v9K84bQ:1vYSUJ:XcW5G7Fh45pg7qHWCK0HLLIB4h1xES1QdaMPrb-lfyk", "expire_date": "2026-01-07T17:17:27.094Z"}}, {"model": "users.user", "pk": 1, "fields": {"password": "pbkdf2_sha256$1000000$QO4sE69qdOMEgEsGFcZ4eF$B/YNTANK69ELjIiE8tDVtf1dtvDomNpGoyvgTYlHk6o=", "last_login": "2026-01-11T13:53:48.878Z", "is_superuser": true, "username": "root", "first_name": "Админ", "last_name": "Админыч", "email": "root1234@example.com", "is_staff": true, "is_active": true, "date_joined": "2025-12-24T13:45:26.823Z", "role": "admin", "date_of_birth": "2005-12-24", "phone": "89001000101", "is_regular": false, "total_spent": "0.00", "groups": [], "user_permissions": []}}, {"model": "users.user", "pk": 2, "fields": {"password": "pbkdf2_sha256$1000000$vkSn4FPdsoS7VXAgK0MX6q$GGPPjc6pKRhaatQ25eqC0NSgWMmq16Xq0hk4XLf6Pak=", "last_login": null, "is_superuser": false, "username": "ivanova123", "first_name": "Екатерина", "last_name": "Иванова", "email": "e.ivanova@shop.ru", "is_staff": false, "is_active": true, "date_joined": "2025-12-24T13:53:53.753Z", "role": "merchandiser", "date_of_birth": "1990-08-22", "phone": "89001000102", "is_regular": false, "total_spent": "0.00", "groups": [], "user_permissions": []}}, {"model": "users.user", "pk": 3, "fields": {"password": "pbkdf2_sha256$1000000$LzsB7XONpZlFqmxcvm1t4Q$iwKUa+FERfDUbdPovpSLA/lYUCqtHlBsm1/4z7BsI9I=", "last_login": null, "is_superuser": false, "username": "petrov11", "first_name": "Михаил", "last_name": "Петров", "email": "petrov@shop.ru", "is_staff": false, "is_active": true, "date_joined": "2025-12-24T16:17:21.058Z", "role": "account_manager", "date_of_birth": "1988-05-11", "phone": "89001000103", "is_regular": false, "total_spent": "0.00", "groups": [], "user_permissions": []}}, {"model": "users.user", "pk": 4, "fields": {"password": "pbkdf2_sha256$1000000$DaAS6hCwgpvt0bIlKO0dDf$HNR3tu0Gt56mT+agfzUX1ocLf4gA76hXqMXmyeVuTc0=", "last_login": null, "is_superuser": false, "username": "sokolova95", "first_name": "Анастасия", "last_name": "Соколова", "email": "sokolova@shop.ru", "is_staff": false, "is_active": true, "date_joined": "2025-12-24T16:25:25.594Z", "role": "salesperson", "date_of_birth": "1995-11-03", "phone": "89001000104", "is_regular": false, "total_spent": "0.00", "groups": [], "user_permissions": []}}, {"model": "users.user", "pk": 5, "fields": {"password": "pbkdf2_sha256$1000000$o3ctSrU7dTnmGinMC8xWQj$mxmfPkN7B4Tnq4BvR+Zl6/EcECi4WQaW6rZsrkI+UiY=", "last_login": null, "is_superuser": false, "username": "kirillov93", "first_name": "Александр", "last_name": "Кириллов", "email": "kirillov@shop.ru", "is_staff": false, "is_active": true, "date_joined": "2025-12-24T16:30:05.938Z", "role": "salesperson", "date_of_birth": "1993-04-30", "phone": "89001000105", "is_regular": false, "total_spent": "0.00", "groups": [], "user_permissions": []}}, {"model": "users.user", "pk": 6, "fields": {"password": "pbkdf2_sha256$1000000$V2jf0AjDavmyFbka1X1ie6$JCLLicnrd94IJQ/U4psDYgqp1bctDN6o+euDSIsOyco=", "last_login": null, "is_superuser": false, "username": "alexivanov85", "first_name": "Алексей", "last_name": "Иванов", "email": "alexivanov@mail.ru", "is_staff": false, "is_active": true, "date_joined": "2025-12-24T17:19:33.273Z", "role": "client", "date_of_birth": "1985-03-12", "phone": "89161234501", "is_regular": false, "total_spent": "1015.74", "groups": [], "user_permissions": []}}, {"model": "users.user", "pk": 7, "fields": {"password": "pbkdf2_sha256$1000000$2akgugyIQseOT2LlodoToC$a75RyM/UxawV+x8Y60ANYX1zctCFjkoyRzpH/RM/edg=", "last_login": null, "is_superuser": false, "username": "maria1992", "first_name": "Мария", "last_name": "Петрова", "email": "mariapetrova@gmail.com", "is_staff": false, "is_active": true, "date_joined": "2025-12-24T17:21:00.894Z", "role": "client", "date_of_birth": "1992-07-25", "phone": "89261234502", "is_regular": false, "total_spent": "0.00", "groups": [], "user_permissions": []}}, {"model": "users.user", "pk": 8, "fields": {"password": "pbkdf2_sha256$1000000$Y8LraQZjpRJSKyUUwfQNDv$QW5QFoyi/H+dRzVMHw6AOHYDnT5y2iDWPQnCifLDVUo=", "last_login": null, "is_superuser": false, "username": "vitaly88", "first_name": "Виталий", "last_name": "Сидоров", "email": "sidorov88@yandex.ru", "is_staff": false, "is_active": true, "date_joined": "2025-12-24T17:22:21.507Z", "role": "client", "date_of_birth": "1988-11-03", "phone": "89031234503", "is_regular": false, "total_spent": "0.00", "groups": [], "user_permissions": []}}, {"model": "users.user", "pk": 9, "fields": {"password": "pbkdf2_sha256$1000000$QMFanTVlFxlImi1erEwFaB$IoA7gtjp3uipUr9FdIlA/ZFmc6CbMmWthfD6434Jr+g=", "last_login": null, "is_superuser": false, "username": "smirnova95", "first_name": "Ольга", "last_name": "Смирнова", "email": "smirnova@mail.ru", "is_staff": false, "is_active": true, "date_joined": "2025-12-24T17:23:21.517Z", "role": "client", "date_of_birth": "1995-01-18", "phone": "89171234504", "is_regular": false, "total_spent": "0.00", "groups": [], "user_permissions": []}}, {"model": "users.user", "pk": 10, "fields": {"password": "pbkdf2_sha256$1000000$SIWmXeZLXhbY7hzfFwBUZ3$IdXuhkAUj3zn6J2qhEbIcJ5oVA4vdbwKnh7CwoW2xxM=", "last_login": null, "is_superuser": false, "username": "kuznetsov80", "first_name": "Игорь", "last_name": "Кузнецов", "email": "kuznetsov@gmail.com", "is_staff": false, "is_active": true, "date_joined": "2025-12-24T17:24:30.523Z", "role": "client", "date_of_birth": "1980-09-30", "phone": "89201234505", "is_regular": false, "total_spent": "0.00", "groups": [], "user_permissions": []}}, {"model": "users.user", "pk": 11, "fields": {"password": "pbkdf2_sha256$1000000$QeEUZLBD8stwOP9bR0u18Z$vTuZbcwHRVRXbetBiwmDlnKT/TVEwab1xYyqkwpzxMQ=", "last_login": null, "is_superuser": false, "username": "pavlova98", "first_name": "Анна", "last_name": "Павлова", "email": "pavlova@yandex.ru", "is_staff": false, "is_active": true, "date_joined": "2025-12-24T17:27:31.933Z", "role": "client", "date_of_birth": "1998-12-05", "phone": "89091234506", "is_regular": false, "total_spent": "0.00", "groups": [], "user_permissions": []}}, {"model": "users.user", "pk": 12, "fields": {"password": "pbkdf2_sha256$1000000$jHaRftSCAtVAg9BRfw8n5A$P1QkMGrmxvNwpiTr1yZn8jraKyNwZyQCJjmHtJZ6dek=", "last_login": null, "is_superuser": false, "username": "denisibr42", "first_name": "Денис", "last_name": "Ибрагимов", "email": "denisibragimpv@shop.ru", "is_staff": false, "is_active": true, "date_joined": "2025-12-30T10:42:27.525Z", "role": "director", "date_of_birth": "1985-09-15", "phone": "89573748112", "is_regular": false, "total_spent": "0.00", "groups": [], "user_permissions": []}}, {"model": "products.product", "pk": 1, "fields": {"name": "Яблоки Голден", "price": "145.89", "unit": "kg", "quantity": "199.300", "description": "Свежие яблоки сорта \"Голден\".", "photo": "photo/products/2026/01/13/apple.jpg", "is_available": true}}, {"model": "products.product", "pk": 2, "fields": {"name": "Сахар песок", "price": "75.99", "unit": "kg", "quantity": "88.500", "description": "Сахар песок, весовой.", "photo": "photo/products/2026/01/13/sugar.jpg", "is_available": true}}, {"model": "products.product", "pk": 3, "fields": {"name": "Яйца куриные С0", "price": "110.59", "unit": "pieces", "quantity": "62.000", "description": "Десяток отборных куриных яиц.", "photo": "photo/products/2026/01/13/egg.jpg", "is_available": true}}, {"model": "products.product", "pk": 4, "fields": {"name": "Макароны-спагетти", "price": "85.10", "unit": "pieces", "quantity": "110.000", "description": "Макаронные изделия из твердых сортов пшеницы, 450 г.", "photo": "photo/products/2026/01/13/spagetti.jpg", "is_available": true}}, {"model": "products.product", "pk": 5, "fields": {"name": "Чай зеленый", "price": "210.00", "unit": "pieces", "quantity": "84.000", "description": "Зеленый крупнолистовой чай, 25 пакетиков.", "photo": "photo/products/2026/01/13/green_tea.jpg", "is_available": true}}, {"model": "products.product", "pk": 6, "fields": {"name": "Помидоры сливовидные", "price": "220.39", "unit": "kg", "quantity": "69.800", "description": "Свежие тепличные томаты.", "photo": "photo/products/2026/01/13/tomato.jpg", "is_available": true}}, {"model": "products.product", "pk": 7, "fields": {"name": "Колбаса «Докторская»", "price": "299.99", "unit": "pieces", "quantity": "60.000", "description": "Вареная колбаса высшего сорта, 500 г.", "photo": "photo/products/2026/01/13/sausage.jpg", "is_available": true}}, {"model": "products.product", "pk": 8, "fields": {"name": "Бананы", "price": "85.00", "unit": "kg", "quantity": "108.000", "description": "Свежие бананы.", "photo": "photo/products/2026/01/13/banana.png", "is_available": true}}, {"model": "products.product", "pk": 9, "fields": {"name": "Вода питьевая", "price": "70.50", "unit": "liter", "quantity": "149.000", "description": "Чистая питьевая вода.", "photo": "photo/products/2026/01/13/water.jpg", "is_available": true}}, {"model": "products.product", "pk": 10, "fields": {"name": "Салфетки бумажные", "price": "85.60", "unit": "pieces", "quantity": "200.000", "description": "Упаковка 2 шт, 40*40 см.", "photo": "photo/products/2026/01/13/tissue.jpeg", "is_available": true}}, {"model": "products.product", "pk": 11, "fields": {"name": "Лампа светодиодная", "price": "299.99", "unit": "pieces", "quantity": "25.000", "description": "Лампа Е27, 10 Вт (аналог 100 Вт), теплый свет.", "photo": "photo/products/2026/01/13/lamp.jpg", "is_available": true}}, {"model": "products.product", "pk": 12, "fields": {"name": "Кастрюля", "price": "4790.59", "unit": "pieces", "quantity": "11.000", "description": "Кастрюля 3 л со съемной ручкой, антипригарное покрытие.", "photo": "photo/products/2026/01/13/pot.jpg", "is_available": true}}, {"model": "products.product", "pk": 13, "fields": {"name": "Молоток слесарный", "price": "750.00", "unit": "pieces", "quantity": "18.000", "description": "Молоток с фиберглассовой ручкой.", "photo": "photo/products/2026/01/13/hammer.jpg", "is_available": true}}, {"model": "products.product", "pk": 14, "fields": {"name": "Рюкзак школьный", "price": "3890.59", "unit": "pieces", "quantity": "15.000", "description": "Рюкзак с ортопедической спинкой, 2 отделения.", "photo": "photo/products/2026/01/13/bagpack.jpg", "is_available": true}}, {"model": "products.product", "pk": 15, "fields": {"name": "Зубная паста", "price": "220.19", "unit": "pieces", "quantity": "45.000", "description": "Зубная паста с тройным действием, 100 мл.", "photo": "photo/products/2026/01/13/toothpaste.jpg", "is_available": true}}, {"model": "orders.order", "pk": 1, "fields": {"client": 6, "order_date": "2025-12-24T17:29:07.679Z", "delivery_date": "2025-12-29", "total_price": "507.87", "status": "paid"}}, {"model": "orders.order", "pk": 2, "fields": {"client": 6, "order_date": "2025-12-24T17:44:30.764Z", "delivery_date": "2025-12-29", "total_price": "5081.48", "status": "created"}}, {"model": "orders.order", "pk": 3, "fields": {"client": 7, "order_date": "2025-12-24T17:45:08.892Z", "delivery_date": "2025-12-29", "total_price": "4410.77", "status": "cancelled"}}, {"model": "orders.orderitem", "pk": 1, "fields": {"order": 1, "product": 1, "quantity": "1.00", "price": "145.89", "total": "145.89"}}, {"model": "orders.orderitem", "pk": 2, "fields": {"order": 1, "product": 2, "quantity": "2.00", "price": "75.99", "total": "151.98"}}, {"model": "orders.orderitem", "pk": 3, "fields": {"order": 1, "product": 5, "quantity": "1.00", "price": "210.00", "total": "210.00"}}, {"model": "orders.orderitem", "pk": 4, "fields": {"order": 2, "product": 6, "quantity": "1.00", "price": "220.39", "total": "220.39"}}, {"model": "orders.orderitem", "pk": 5, "fields": {"order": 2, "product": 9, "quantity": "1.00", "price": "70.50", "total": "70.50"}}, {"model": "orders.orderitem", "pk": 6, "fields": {"order": 2, "product": 12, "quantity": "1.00", "price": "4790.59", "total": "4790.59"}}, {"model": "orders.orderitem", "pk": 7, "fields": {"order": 3, "product": 14, "quantity": "1.00", "price": "3890.59", "total": "3890.59"}}, {"model": "orders.orderitem", "pk": 8, "fields": {"order": 3, "product": 15, "quantity": "1.00", "price": "220.19", "total": "220.19"}}, {"model": "orders.orderitem", "pk": 9, "fields": {"order": 3, "product": 11, "quantity": "1.00", "price": "299.99", "total": "299.99"}}, {"model": "loyalty.loyaltysettings", "pk": 2, "fields": {"regular_threshold": "100000.00", "regular_discount": "5.00", "delivery_days": 3}}]